Compound_ID,Warhead_ID,Linker_ID,E3_Ligand_ID,Target_Protein_Name,Target_Protein_Uniprot,E3_Ligase_Name,E3_Ligase_Binding_Site,E3_Ligase._Uniprot,Warhead_Binding_Mode,Ubiquitin_Type,Mechanism_of_Action,Original_IC50,Normalized_IC50_uM,IC50_Assay_Methodology,IC50_Incubation_Time,Docking Score (kcal/mol),Caco-2 Permeability (log Papp in 10-6cm/s),Cell_Line_Model,Cancer_Type,Selectiviy/Toxicity_Data,Clinical_Phase,Research_Country,Publication_DOI
PT-0001,WH-0001,LN-0001,LG-0001,BRD4,O60885 · BRD4_HUMAN,RNF114,Cysteine-8 (C8),Q9Y508 · RN114_HUMAN,"Non-covalent (H-bonding, Hydrophobic)",Proteasome-dependent,Heterobifunctional degradation,0.24 uM,0.24,Gel-based ABPP analysis,30 min,-9.158,0.128,231MFP,Breast Cancer (Triple-Negative),"Proteosomally degrades BRD4 via RNF114, sparing BRD2/BRD3",preclinical research stage,USA,10.1038/s41589-019-0304-8
PT-0002,WH-0002,LN-0002,LG-0002,p-Erk1/2,P27361 · MK03_HUMAN,CRBN,Thalidomide-binding pocket (CRBN),Q96SW2 · CRBN_HUMAN,Signaling pathway inhibition (Akt/mTOR/Erk),Ubiquitin-proteasome (CRBN),p-Erk/p-Akt degradation,162.1uM,162.1,CCK-8,24h,-11.632,1,HepG2,Human liver cancer,L02 | Low Toxicity | 0-400 uM,preclinical research stage,China,10.3390/molecules29081845
PT-0003,WH-0002,LN-0003,LG-0002,p-Erk1/2,P27361 · MK03_HUMAN,CRBN,Thalidomide-binding pocket (CRBN),Q96SW2 · CRBN_HUMAN,Signaling pathway inhibition (Akt/mTOR/Erk),Ubiquitin-proteasome (CRBN),p-Erk/p-Akt degradation,140.5uM,140.5,CCK-8,24h,-10.991,0.967,HepG2,Human liver cancer,L02 | Low Toxicity | 0-400 uM,preclinical research stage,China,10.3390/molecules29081845
PT-0004,WH-0002,LN-0004,LG-0002,p-Erk1/2,P27361 · MK03_HUMAN,CRBN,Thalidomide-binding pocket (CRBN),Q96SW2 · CRBN_HUMAN,Signaling pathway inhibition (Akt/mTOR/Erk),Ubiquitin-proteasome (CRBN),p-Erk/p-Akt degradation,119.6uM,119.6,CCK-8,24h,-9.294,0.941,HepG2,Human liver cancer,L02 | Low Toxicity | 0-400 uM,preclinical research stage,China,10.3390/molecules29081845
PT-0005,WH-0002,LN-0005,LG-0002,p-Erk1/2,P27361 · MK03_HUMAN,CRBN,Thalidomide-binding pocket (CRBN),Q96SW2 · CRBN_HUMAN,Signaling pathway inhibition (Akt/mTOR/Erk),Ubiquitin-proteasome (CRBN),p-Erk/p-Akt degradation & GSH depletion,106.0uM,106,CCK-8,24h,-9.076,0.915,HepG2,Human liver cancer,L02 | Low Toxicity | 0-400 uM,preclinical research stage,China,10.3390/molecules29081845
PT-0002,WH-0002,LN-0002,LG-0002, p-Akt,P31749 · AKT1_HUMAN,CRBN,Thalidomide-binding pocket (CRBN),Q96SW2 · CRBN_HUMAN,Signaling pathway inhibition (Akt/mTOR/Erk),Ubiquitin-proteasome (CRBN),p-Erk/p-Akt degradation ,162.1uM,162.1,CCK-8,24h,-8.349,1,HepG2,Human liver cancer,L02 | Low Toxicity | 0-400 uM,preclinical research stage,China,10.3390/molecules29081845
PT-0003,WH-0002,LN-0003,LG-0002, p-Akt,P31749 · AKT1_HUMAN,CRBN,Thalidomide-binding pocket (CRBN),Q96SW2 · CRBN_HUMAN,Signaling pathway inhibition (Akt/mTOR/Erk),Ubiquitin-proteasome (CRBN),p-Erk/p-Akt degradation,140.5uM,140.5,CCK-8,24h,-7.459,0.967,HepG2,Human liver cancer,L02 | Low Toxicity | 0-400 uM,preclinical research stage,China,10.3390/molecules29081845
PT-0004,WH-0002,LN-0004,LG-0002, p-Akt,P31749 · AKT1_HUMAN,CRBN,Thalidomide-binding pocket (CRBN),Q96SW2 · CRBN_HUMAN,Signaling pathway inhibition (Akt/mTOR/Erk),Ubiquitin-proteasome (CRBN),p-Erk/p-Akt degradation,119.6uM,119.6,CCK-8,24h,-8.485,0.941,HepG2,Human liver cancer,L02 | Low Toxicity | 0-400 uM,preclinical research stage,China,10.3390/molecules29081845
PT-0005,WH-0002,LN-0005,LG-0002, p-Akt,P31749 · AKT1_HUMAN,CRBN,Thalidomide-binding pocket (CRBN),Q96SW2 · CRBN_HUMAN,Signaling pathway inhibition (Akt/mTOR/Erk),Ubiquitin-proteasome (CRBN),p-Erk/p-Akt degradation & GSH depletion,106.0uM,106,CCK-8,24h,-5.968,0.915,HepG2,Human liver cancer,L02 | Low Toxicity | 0-400 uM,preclinical research stage,China,10.3390/molecules29081845
PT-0007,WH-0004,LN-0007,LG-0004,REXO4,Q9GZR2 · REXO4_HUMAN,CRBN,CRBN binding pocket,Q96SW2 · CRBN_HUMAN,"Non-covalent (H-bonding, Hydrophobic)",Poly-ubiquitination  System(UPS),REXO4 degradation (CRL4-CRBN) -> ROS elevation -> DNA damage -> G2/M arrest -> Apoptosis,0.011 ± 0.0090 uM,0.011 ± 0.0090,CCK-8,72h,-8.142,0.498,HCT116,Colon cancer,N.A,N.A,China,10.1016/j.jare.2023.10.014
PT-0008,WH-0004,LN-0008,LG-0004,REXO4,Q9GZR2 · REXO4_HUMAN,CRBN,CRBN binding pocket,Q96SW2 · CRBN_HUMAN,"Non-covalent (H-bonding, Hydrophobic)",Poly-ubiquitination  System(UPS),REXO4 degradation (CRL4-CRBN) -> ROS elevation -> DNA damage -> G2/M arrest -> Apoptosis,0.007 ± 0.0010 uM,0.007 ± 0.0010,CCK-8,72h,-8.336,0.486,HCT116,Colon cancer,N.A,N.A,China,10.1016/j.jare.2023.10.014
PT-0009,WH-0004,LN-0009,LG-0004,REXO4,Q9GZR2 · REXO4_HUMAN,CRBN,CRBN binding pocket,Q96SW2 · CRBN_HUMAN,"Non-covalent (H-bonding, Hydrophobic)",Poly-ubiquitination  System(UPS),REXO4 degradation (CRL4-CRBN) -> ROS elevation -> DNA damage -> G2/M arrest -> Apoptosis,0.034 ± 0.0050 uM,0.034 ± 0.0050,CCK-8,72h,-8.219,0.474,HCT116,Colon cancer,N.A,N.A,China,10.1016/j.jare.2023.10.014
PT-0010,WH-0004,LN-0010,LG-0004,REXO4,Q9GZR2 · REXO4_HUMAN,CRBN,CRBN binding pocket,Q96SW2 · CRBN_HUMAN,"Non-covalent (H-bonding, Hydrophobic)",Poly-ubiquitination  System(UPS),REXO4 degradation (CRL4-CRBN) -> ROS elevation -> DNA damage -> G2/M arrest -> Apoptosis,0.029 ± 0.002 uM,0.029 ± 0.002,CCK-8,72h,-7.671,0.462,HCT116,Colon cancer,N.A,N.A,China,10.1016/j.jare.2023.10.014
PT-0011,WH-0004,LN-0011,LG-0004,REXO4,Q9GZR2 · REXO4_HUMAN,CRBN,CRBN binding pocket,Q96SW2 · CRBN_HUMAN,"Non-covalent (H-bonding, Hydrophobic)",Poly-ubiquitination  System(UPS),REXO4 degradation (CRL4-CRBN) -> ROS elevation -> DNA damage -> G2/M arrest -> Apoptosis,0.029 ± 0.0010 uM,0.029 ± 0.0010,CCK-8,72h,-7.81,0.45,HCT116,Colon cancer,N.A,N.A,China,10.1016/j.jare.2023.10.014
PT-0007,WH-0004,LN-0007,LG-0004,REXO4,Q9GZR2 · REXO4_HUMAN,CRBN,CRBN binding pocket,Q96SW2 · CRBN_HUMAN,"Non-covalent (H-bonding, Hydrophobic)",Poly-ubiquitination  System(UPS),REXO4 degradation (CRL4-CRBN) -> ROS elevation -> DNA damage -> G2/M arrest -> Apoptosis,0.37 ± 0.0050 uM,0.37 ± 0.0050,CCK-8,72h,-8.142,0.498,A549,Lung cancer ,N.A,N.A,China,10.1016/j.jare.2023.10.014
PT-0008,WH-0004,LN-0008,LG-0004,REXO4,Q9GZR2 · REXO4_HUMAN,CRBN,CRBN binding pocket,Q96SW2 · CRBN_HUMAN,"Non-covalent (H-bonding, Hydrophobic)",Poly-ubiquitination  System(UPS),REXO4 degradation (CRL4-CRBN) -> ROS elevation -> DNA damage -> G2/M arrest -> Apoptosis,0.032 ± 0.00020 uM,0.032 ± 0.00020,CCK-8,72h,-8.336,0.486,A549,Lung cancer ,N.A,N.A,China,10.1016/j.jare.2023.10.014
PT-0009,WH-0004,LN-0009,LG-0004,REXO4,Q9GZR2 · REXO4_HUMAN,CRBN,CRBN binding pocket,Q96SW2 · CRBN_HUMAN,"Non-covalent (H-bonding, Hydrophobic)",Poly-ubiquitination  System(UPS),REXO4 degradation (CRL4-CRBN) -> ROS elevation -> DNA damage -> G2/M arrest -> Apoptosis,0.030 ± 0.0020 uM,0.030 ± 0.0020,CCK-8,72h,-8.219,0.474,A549,Lung cancer ,N.A,N.A,China,10.1016/j.jare.2023.10.014
PT-0010,WH-0004,LN-0010,LG-0004,REXO4,Q9GZR2 · REXO4_HUMAN,CRBN,CRBN binding pocket,Q96SW2 · CRBN_HUMAN,"Non-covalent (H-bonding, Hydrophobic)",Poly-ubiquitination  System(UPS),REXO4 degradation (CRL4-CRBN) -> ROS elevation -> DNA damage -> G2/M arrest -> Apoptosis,0.035 ± 0.0030 uM,0.035 ± 0.0030,CCK-8,72h,-7.671,0.462,A549,Lung cancer ,N.A,N.A,China,10.1016/j.jare.2023.10.014
PT-0011,WH-0004,LN-0011,LG-0004,REXO4,Q9GZR2 · REXO4_HUMAN,CRBN,CRBN binding pocket,Q96SW2 · CRBN_HUMAN,"Non-covalent (H-bonding, Hydrophobic)",Poly-ubiquitination  System(UPS),REXO4 degradation (CRL4-CRBN) -> ROS elevation -> DNA damage -> G2/M arrest -> Apoptosis,0.045 ± 0.029 uM,0.045 ± 0.029,CCK-8,72h,-7.81,0.45,A549,Lung cancer ,N.A,N.A,China,10.1016/j.jare.2023.10.014
PT-0007,WH-0004,LN-0007,LG-0004,REXO4,Q9GZR2 · REXO4_HUMAN,CRBN,CRBN binding pocket,Q96SW2 · CRBN_HUMAN,"Non-covalent (H-bonding, Hydrophobic)",Poly-ubiquitination  System(UPS),REXO4 degradation (CRL4-CRBN) -> ROS elevation -> DNA damage -> G2/M arrest -> Apoptosis,0.075 ± 0.016 uM,0.075 ± 0.016,CCK-8,72h,-8.142,0.498,MCF-7, Breast cancer,N.A,N.A,China,10.1016/j.jare.2023.10.014
PT-0008,WH-0004,LN-0008,LG-0004,REXO4,Q9GZR2 · REXO4_HUMAN,CRBN,CRBN binding pocket,Q96SW2 · CRBN_HUMAN,"Non-covalent (H-bonding, Hydrophobic)",Poly-ubiquitination  System(UPS),REXO4 degradation (CRL4-CRBN) -> ROS elevation -> DNA damage -> G2/M arrest -> Apoptosis,0.040 ± 0.0039 uM,0.040 ± 0.0039,CCK-8,72h,-8.336,0.486,MCF-7, Breast cancer,N.A,N.A,China,10.1016/j.jare.2023.10.014
PT-0009,WH-0004,LN-0009,LG-0004,REXO4,Q9GZR2 · REXO4_HUMAN,CRBN,CRBN binding pocket,Q96SW2 · CRBN_HUMAN,"Non-covalent (H-bonding, Hydrophobic)",Poly-ubiquitination  System(UPS),REXO4 degradation (CRL4-CRBN) -> ROS elevation -> DNA damage -> G2/M arrest -> Apoptosis,0.060 ± 0.0057 uM,0.060 ± 0.0057,CCK-8,72h,-8.219,0.474,MCF-7, Breast cancer,N.A,N.A,China,10.1016/j.jare.2023.10.014
PT-0010,WH-0004,LN-0010,LG-0004,REXO4,Q9GZR2 · REXO4_HUMAN,CRBN,CRBN binding pocket,Q96SW2 · CRBN_HUMAN,"Non-covalent (H-bonding, Hydrophobic)",Poly-ubiquitination  System(UPS),REXO4 degradation (CRL4-CRBN) -> ROS elevation -> DNA damage -> G2/M arrest -> Apoptosis,0.031 ± 0.00050 uM,0.031 ± 0.00050,CCK-8,72h,-7.671,0.462,MCF-7, Breast cancer,N.A,N.A,China,10.1016/j.jare.2023.10.014
PT-0011,WH-0004,LN-0011,LG-0004,REXO4,Q9GZR2 · REXO4_HUMAN,CRBN,CRBN binding pocket,Q96SW2 · CRBN_HUMAN,"Non-covalent (H-bonding, Hydrophobic)",Poly-ubiquitination  System(UPS),REXO4 degradation (CRL4-CRBN) -> ROS elevation -> DNA damage -> G2/M arrest -> Apoptosis,0.039 ± 0.0053  uM,0.039 ± 0.0053,CCK-8,72h,-7.81,0.45,MCF-7, Breast cancer,N.A,N.A,China,10.1016/j.jare.2023.10.014
PT-0012,WH-0004,LN-0012,LG-0004,REXO4,Q9GZR2 · REXO4_HUMAN,CRBN,CRBN binding pocket,Q96SW2 · CRBN_HUMAN,"Non-covalent (H-bonding, Hydrophobic)",Poly-ubiquitination  System(UPS),REXO4 degradation (CRL4-CRBN) -> ROS elevation -> DNA damage -> G2/M arrest -> Apoptosis,8.7 ± 0.87 uM,8.7 ± 0.87,CCK-8,72h,-7.763,0.187,HCT116,Colon cancer,N.A,N.A,China,10.1016/j.jare.2023.10.014
PT-0013,WH-0004,LN-0013,LG-0004,REXO4,Q9GZR2 · REXO4_HUMAN,CRBN,CRBN binding pocket,Q96SW2 · CRBN_HUMAN,"Non-covalent (H-bonding, Hydrophobic)",Poly-ubiquitination  System(UPS),REXO4 degradation (CRL4-CRBN) -> ROS elevation -> DNA damage -> G2/M arrest -> Apoptosis,4.8 ± 0.81 uM,4.8 ± 0.81,CCK-8,72h,-7.08,0.166,HCT116,Colon cancer,N.A,N.A,China,10.1016/j.jare.2023.10.014
PT-0014,WH-0004,LN-0014,LG-0004,REXO4,Q9GZR2 · REXO4_HUMAN,CRBN,CRBN binding pocket,Q96SW2 · CRBN_HUMAN,"Non-covalent (H-bonding, Hydrophobic)",Poly-ubiquitination  System(UPS),REXO4 degradation (CRL4-CRBN) -> ROS elevation -> DNA damage -> G2/M arrest -> Apoptosis,0.019 ± 0.0020 uM,0.019 ± 0.0020,CCK-8,72h,-7.789,0.139,HCT116,Colon cancer,NCM460 low toxicity,N.A,China,10.1016/j.jare.2023.10.014
PT-0015,WH-0004,LN-0015,LG-0004,REXO4,Q9GZR2 · REXO4_HUMAN,CRBN,CRBN binding pocket,Q96SW2 · CRBN_HUMAN,"Non-covalent (H-bonding, Hydrophobic)",Poly-ubiquitination  System(UPS),REXO4 degradation (CRL4-CRBN) -> ROS elevation -> DNA damage -> G2/M arrest -> Apoptosis,0.019 ± 0.0010 uM,0.019 ± 0.0010,CCK-8,72h,-8.136,0.111,HCT116,Colon cancer,N.A,N.A,China,10.1016/j.jare.2023.10.014
PT-0016,WH-0004,LN-0016,LG-0004,REXO4,Q9GZR2 · REXO4_HUMAN,CRBN,CRBN binding pocket,Q96SW2 · CRBN_HUMAN,"Non-covalent (H-bonding, Hydrophobic)",Poly-ubiquitination  System(UPS),REXO4 degradation (CRL4-CRBN) -> ROS elevation -> DNA damage -> G2/M arrest -> Apoptosis,0.021 ± 0.0060 uM,0.021 ± 0.0060,CCK-8,72h,-7.737,0.084,HCT116,Colon cancer,N.A,N.A,China,10.1016/j.jare.2023.10.014
PT-0012,WH-0004,LN-0012,LG-0004,REXO4,Q9GZR2 · REXO4_HUMAN,CRBN,CRBN binding pocket,Q96SW2 · CRBN_HUMAN,"Non-covalent (H-bonding, Hydrophobic)",Poly-ubiquitination  System(UPS),REXO4 degradation (CRL4-CRBN) -> ROS elevation -> DNA damage -> G2/M arrest -> Apoptosis,>10 uM,>10,CCK-8,72h,-7.763,0.187,A549,Lung cancer ,N.A,N.A,China,10.1016/j.jare.2023.10.014
PT-0013,WH-0004,LN-0013,LG-0004,REXO4,Q9GZR2 · REXO4_HUMAN,CRBN,CRBN binding pocket,Q96SW2 · CRBN_HUMAN,"Non-covalent (H-bonding, Hydrophobic)",Poly-ubiquitination  System(UPS),REXO4 degradation (CRL4-CRBN) -> ROS elevation -> DNA damage -> G2/M arrest -> Apoptosis,2.9 ± 0.29 uM,2.9 ± 0.29,CCK-8,72h,-7.08,0.166,A549,Lung cancer ,N.A,N.A,China,10.1016/j.jare.2023.10.014
PT-0014,WH-0004,LN-0014,LG-0004,REXO4,Q9GZR2 · REXO4_HUMAN,CRBN,CRBN binding pocket,Q96SW2 · CRBN_HUMAN,"Non-covalent (H-bonding, Hydrophobic)",Poly-ubiquitination  System(UPS),REXO4 degradation (CRL4-CRBN) -> ROS elevation -> DNA damage -> G2/M arrest -> Apoptosis,0.12 ± 0.015 uM,0.12 ± 0.015,CCK-8,72h,-7.789,0.139,A549,Lung cancer ,NCM460 low toxicity,N.A,China,10.1016/j.jare.2023.10.014
PT-0015,WH-0004,LN-0015,LG-0004,REXO4,Q9GZR2 · REXO4_HUMAN,CRBN,CRBN binding pocket,Q96SW2 · CRBN_HUMAN,"Non-covalent (H-bonding, Hydrophobic)",Poly-ubiquitination  System(UPS),REXO4 degradation (CRL4-CRBN) -> ROS elevation -> DNA damage -> G2/M arrest -> Apoptosis,0.082 ± 0.0090 uM,0.082 ± 0.0090,CCK-8,72h,-8.136,0.111,A549,Lung cancer ,N.A,N.A,China,10.1016/j.jare.2023.10.014
PT-0016,WH-0004,LN-0016,LG-0004,REXO4,Q9GZR2 · REXO4_HUMAN,CRBN,CRBN binding pocket,Q96SW2 · CRBN_HUMAN,"Non-covalent (H-bonding, Hydrophobic)",Poly-ubiquitination  System(UPS),REXO4 degradation (CRL4-CRBN) -> ROS elevation -> DNA damage -> G2/M arrest -> Apoptosis,0.096 ± 0.0090 uM,0.096 ± 0.0090,CCK-8,72h,-7.737,0.084,A549,Lung cancer ,N.A,N.A,China,10.1016/j.jare.2023.10.014
PT-0012,WH-0004,LN-0012,LG-0004,REXO4,Q9GZR2 · REXO4_HUMAN,CRBN,CRBN binding pocket,Q96SW2 · CRBN_HUMAN,"Non-covalent (H-bonding, Hydrophobic)",Poly-ubiquitination  System(UPS),REXO4 degradation (CRL4-CRBN) -> ROS elevation -> DNA damage -> G2/M arrest -> Apoptosis,>10 uM,>10,CCK-8,72h,-7.763,0.187,MCF-7, Breast cancer,N.A,N.A,China,10.1016/j.jare.2023.10.014
PT-0013,WH-0004,LN-0013,LG-0004,REXO4,Q9GZR2 · REXO4_HUMAN,CRBN,CRBN binding pocket,Q96SW2 · CRBN_HUMAN,"Non-covalent (H-bonding, Hydrophobic)",Poly-ubiquitination  System(UPS),REXO4 degradation (CRL4-CRBN) -> ROS elevation -> DNA damage -> G2/M arrest -> Apoptosis,3.2 ± 0.43 uM,3.2 ± 0.43,CCK-8,72h,-7.08,0.166,MCF-7, Breast cancer,N.A,N.A,China,10.1016/j.jare.2023.10.014
PT-0014,WH-0004,LN-0014,LG-0004,REXO4,Q9GZR2 · REXO4_HUMAN,CRBN,CRBN binding pocket,Q96SW2 · CRBN_HUMAN,"Non-covalent (H-bonding, Hydrophobic)",Poly-ubiquitination  System(UPS),REXO4 degradation (CRL4-CRBN) -> ROS elevation -> DNA damage -> G2/M arrest -> Apoptosis,0.045 ± 0.0064 uM,0.045 ± 0.0064,CCK-8,72h,-7.789,0.139,MCF-7, Breast cancer,NCM460 low toxicity,N.A,China,10.1016/j.jare.2023.10.014
PT-0015,WH-0004,LN-0015,LG-0004,REXO4,Q9GZR2 · REXO4_HUMAN,CRBN,CRBN binding pocket,Q96SW2 · CRBN_HUMAN,"Non-covalent (H-bonding, Hydrophobic)",Poly-ubiquitination  System(UPS),REXO4 degradation (CRL4-CRBN) -> ROS elevation -> DNA damage -> G2/M arrest -> Apoptosis,0.021 ± 0.0011 uM,0.021 ± 0.0011,CCK-8,72h,-8.136,0.111,MCF-7, Breast cancer,N.A,N.A,China,10.1016/j.jare.2023.10.014
PT-0016,WH-0004,LN-0016,LG-0004,REXO4,Q9GZR2 · REXO4_HUMAN,CRBN,CRBN binding pocket,Q96SW2 · CRBN_HUMAN,"Non-covalent (H-bonding, Hydrophobic)",Poly-ubiquitination  System(UPS),REXO4 degradation (CRL4-CRBN) -> ROS elevation -> DNA damage -> G2/M arrest -> Apoptosis,0.014 ± 0.00080 uM,0.014 ± 0.00080,CCK-8,72h,-7.737,0.084,MCF-7, Breast cancer,N.A,N.A,China,10.1016/j.jare.2023.10.014
PT-0017,WH-0005,LN-0017,LG-0005,SKP2,Q13309 · SKP2_HUMAN,CRBN,CRBN binding pocket,Q96SW2 · CRBN_HUMAN,"Non-covalent (H-bonding, Hydrophobic)",UPS / Proteasome-dependent degradation,SKP2 degradation -> SOCS1 stabilization -> JAK/STAT inhibition,>10μM,>10,CCK-8,48 h,-8.158,1.146,Jurkat cells,Leukemia,N.A,N.A,China,10.1016/j.jare.2023.10.014
PT-0018,WH-0005,LN-0018,LG-0005,SKP2,Q13309 · SKP2_HUMAN,CRBN,CRBN binding pocket,Q96SW2 · CRBN_HUMAN,"Non-covalent (H-bonding, Hydrophobic)",UPS / Proteasome-dependent degradation,SKP2 degradation -> SOCS1 stabilization -> JAK/STAT inhibition,>10μM,>10,CCK-8,48 h,-8.568,1.061,Jurkat cells,Leukemia,N.A,N.A,China,10.1021/acs.jmedchem.5c03213
PT-0019,WH-0005,LN-0019,LG-0005,SKP2,Q13309 · SKP2_HUMAN,CRBN,CRBN binding pocket,Q96SW2 · CRBN_HUMAN,"Non-covalent (H-bonding, Hydrophobic)",UPS / Proteasome-dependent degradation,SKP2 degradation -> SOCS1 stabilization -> JAK/STAT inhibition,>10μM,>10,CCK-8,48 h,-7.53,1.041,Jurkat cells,Leukemia,N.A,N.A,China,10.1021/acs.jmedchem.5c03213
PT-0020,WH-0005,LN-0020,LG-0005,SKP2,Q13309 · SKP2_HUMAN,CRBN,CRBN binding pocket,Q96SW2 · CRBN_HUMAN,"Non-covalent (H-bonding, Hydrophobic)",UPS / Proteasome-dependent degradation,SKP2 degradation -> SOCS1 stabilization -> JAK/STAT inhibition,>10μM,>10,CCK-8,48 h,-7.317,0.993,Jurkat cells,Leukemia,N.A,N.A,China,10.1021/acs.jmedchem.5c03213
PT-0021,WH-0005,LN-0021,LG-0005,SKP2,Q13309 · SKP2_HUMAN,CRBN,CRBN binding pocket,Q96SW2 · CRBN_HUMAN,"Non-covalent (H-bonding, Hydrophobic)",UPS / Proteasome-dependent degradation,SKP2 degradation -> SOCS1 stabilization -> JAK/STAT inhibition,5.93±0.37  μM,5.93±0.37  ,CCK-8,48 h,-8.828,0.946,Jurkat cells,Leukemia,N.A,N.A,China,10.1021/acs.jmedchem.5c03213
PT-0022,WH-0005,LN-0022,LG-0005,SKP2,Q13309 · SKP2_HUMAN,CRBN,CRBN binding pocket,Q96SW2 · CRBN_HUMAN,"Non-covalent (H-bonding, Hydrophobic)",UPS / Proteasome-dependent degradation,SKP2 degradation -> SOCS1 stabilization -> JAK/STAT inhibition,4.44±0.21  μM,4.44±0.21  ,CCK-8,48 h,-7.146,1.054,Jurkat cells,Leukemia,N.A,N.A,China,10.1021/acs.jmedchem.5c03213
PT-0023,WH-0005,LN-0023,LG-0005,SKP2,Q13309 · SKP2_HUMAN,CRBN,CRBN binding pocket,Q96SW2 · CRBN_HUMAN,"Non-covalent (H-bonding, Hydrophobic)",UPS / Proteasome-dependent degradation,SKP2 degradation -> SOCS1 stabilization -> JAK/STAT inhibition,3.08±0.45  μM,3.08±0.45  ,CCK-8,48 h,-7.15,1.028,Jurkat cells,Leukemia,N.A,N.A,China,10.1021/acs.jmedchem.5c03213
PT-0024,WH-0005,LN-0024,LG-0005,SKP2,Q13309 · SKP2_HUMAN,CRBN,CRBN binding pocket,Q96SW2 · CRBN_HUMAN,"Non-covalent (H-bonding, Hydrophobic)",UPS / Proteasome-dependent degradation,SKP2 degradation -> SOCS1 stabilization -> JAK/STAT inhibition,3.89±0.27 μM,3.89±0.27 ,CCK-8,48 h,-5.437,1.002,Jurkat cells,Leukemia,N.A,N.A,China,10.1021/acs.jmedchem.5c03213
PT-0025,WH-0005,LN-0025,LG-0005,SKP2,Q13309 · SKP2_HUMAN,CRBN,CRBN binding pocket,Q96SW2 · CRBN_HUMAN,"Non-covalent (H-bonding, Hydrophobic)",UPS / Proteasome-dependent degradation,SKP2 degradation -> SOCS1 stabilization -> JAK/STAT inhibition,5.08±0.40 μM,5.08±0.40 ,CCK-8,48 h,-7.063,0.976,Jurkat cells,Leukemia,N.A,N.A,China,10.1021/acs.jmedchem.5c03213
PT-0026,WH-0005,LN-0026,LG-0006,SKP2,Q13309 · SKP2_HUMAN,VHL,Hydroxyproline-binding site,P40337 · VHL_HUMAN,"Non-covalent (H-bonding, Hydrophobic)",UPS / Proteasome-dependent degradation,SKP2 degradation -> SOCS1 stabilization -> JAK/STAT inhibition,>10μM,>10,CCK-8,48 h,-8.007,0.741,Jurkat cells,Leukemia,N.A,N.A,China,10.1021/acs.jmedchem.5c03213
PT-0027,WH-0005,LN-0027,LG-0006,SKP2,Q13309 · SKP2_HUMAN,VHL,Hydroxyproline-binding site,P40337 · VHL_HUMAN,"Non-covalent (H-bonding, Hydrophobic)",UPS / Proteasome-dependent degradation,SKP2 degradation -> SOCS1 stabilization -> JAK/STAT inhibition,>10μM,>10,CCK-8,48 h,-8.538,0.694,Jurkat cells,Leukemia,N.A,N.A,China,10.1021/acs.jmedchem.5c03213
PT-0028,WH-0005,LN-0028,LG-0006,SKP2,Q13309 · SKP2_HUMAN,VHL,Hydroxyproline-binding site,P40337 · VHL_HUMAN,"Non-covalent (H-bonding, Hydrophobic)",UPS / Proteasome-dependent degradation,SKP2 degradation -> SOCS1 stabilization -> JAK/STAT inhibition,>10μM,>10,CCK-8,48 h,-6.886,0.647,Jurkat cells,Leukemia,N.A,N.A,China,10.1021/acs.jmedchem.5c03213
PT-0029,WH-0005,LN-0029,LG-0006,SKP2,Q13309 · SKP2_HUMAN,VHL,Hydroxyproline-binding site,P40337 · VHL_HUMAN,"Non-covalent (H-bonding, Hydrophobic)",UPS / Proteasome-dependent degradation,SKP2 degradation -> SOCS1 stabilization -> JAK/STAT inhibition,>10μM,>10,CCK-8,48 h,-10.66,0.768,Jurkat cells,Leukemia,N.A,N.A,China,10.1021/acs.jmedchem.5c03213
PT-0030,WH-0005,LN-0030,LG-0006,SKP2,Q13309 · SKP2_HUMAN,VHL,Hydroxyproline-binding site,P40337 · VHL_HUMAN,"Non-covalent (H-bonding, Hydrophobic)",UPS / Proteasome-dependent degradation,SKP2 degradation -> SOCS1 stabilization -> JAK/STAT inhibition,2.19±0.69μM,2.19±0.69,CCK-8,48 h,-7.676,0.742,Jurkat cells,Leukemia,N.A,N.A,China,10.1021/acs.jmedchem.5c03213
PT-0031,WH-0005,LN-0031,LG-0006,SKP2,Q13309 · SKP2_HUMAN,VHL,Hydroxyproline-binding site,P40337 · VHL_HUMAN,"Non-covalent (H-bonding, Hydrophobic)",UPS / Proteasome-dependent degradation,SKP2 degradation -> SOCS1 stabilization -> JAK/STAT inhibition,0.98±0.016  μM,0.98±0.016  ,CCK-8,48 h,-6.62,0.716,Jurkat cells,Leukemia,No significant pathology alterations in mice organs,Preclinical assay,China,10.1021/acs.jmedchem.5c03213
PT-0032,WH-0005,LN-0032,LG-0006,SKP2,Q13309 · SKP2_HUMAN,VHL,Hydroxyproline-binding site,P40337 · VHL_HUMAN,"Non-covalent (H-bonding, Hydrophobic)",UPS / Proteasome-dependent degradation,SKP2 degradation -> SOCS1 stabilization -> JAK/STAT inhibition,3.32±0.12μM,3.32±0.12,CCK-8,48 h,-6.676,0.69,Jurkat cells,Leukemia,N.A,N.A,China,10.1021/acs.jmedchem.5c03213
PT-0034,WH-0007,LN-0034,LG-0005,CDK9,P50750 · CDK9_HUMAN,CRBN,CRBN binding pocket,Q96SW2 · CRBN_HUMAN,"Non-covalent (H-bonding, Hydrophobic)",K48-linked polyubiquitination,CDK9 degradation -> Apoptosis induction, > 100 uM,> 100,Western blotting,24h,-8.819,0.446,MCF-7, Breast cancer,N.A,Preclinical assay,China,10.1016/j.bioorg.2018.08.028
PT-0035,WH-0007,LN-0035,LG-0005,CDK9,P50750 · CDK9_HUMAN,CRBN,CRBN binding pocket,Q96SW2 · CRBN_HUMAN,"Non-covalent (H-bonding, Hydrophobic)",K48-linked polyubiquitination,CDK9 degradation -> Apoptosis induction, 90 ± 4.5 uM,90 ± 4.5,Western blotting,24h,-8.535,0.421,MCF-7, Breast cancer,N.A,Preclinical assay,China,10.1016/j.bioorg.2018.08.028
PT-0036,WH-0007,LN-0036,LG-0005,CDK9,P50750 · CDK9_HUMAN,CRBN,CRBN binding pocket,Q96SW2 · CRBN_HUMAN,"Non-covalent (H-bonding, Hydrophobic)",K48-linked polyubiquitination,CDK9 degradation -> Apoptosis induction, 41 ± 5.0 uM,41 ± 5.0,Western blotting,24h,-7.47,0.398,MCF-7, Breast cancer,N.A,Preclinical assay,China,10.1016/j.bioorg.2018.08.028
PT-0037,WH-0007,LN-0037,LG-0005,CDK9,P50750 · CDK9_HUMAN,CRBN,CRBN binding pocket,Q96SW2 · CRBN_HUMAN,"Non-covalent (H-bonding, Hydrophobic)",K48-linked polyubiquitination,CDK9 degradation -> Apoptosis induction,40 ± 3.0  uM,40 ± 3.0,Western blotting,24h,-7.934,0.351,MCF-7, Breast cancer,N.A,Preclinical assay,China,10.1016/j.bioorg.2018.08.028
PT-0038,WH-0007,LN-0038,LG-0005,CDK9,P50750 · CDK9_HUMAN,CRBN,CRBN binding pocket,Q96SW2 · CRBN_HUMAN,"Non-covalent (H-bonding, Hydrophobic)",K48-linked polyubiquitination,CDK9 degradation -> Apoptosis induction,> 100 uM,> 100,Western blotting,24h,-9.736,0.298,MCF-7, Breast cancer,N.A,Preclinical assay,China,10.1016/j.bioorg.2018.08.028
PT-0039,WH-0007,LN-0039,LG-0005,CDK9,P50750 · CDK9_HUMAN,CRBN,CRBN binding pocket,Q96SW2 · CRBN_HUMAN,"Non-covalent (H-bonding, Hydrophobic)",K48-linked polyubiquitination,CDK9 degradation -> Apoptosis induction,15 ± 1.4 uM,15 ± 1.4,Western blotting,24h,-7.452,0.273,MCF-7, Breast cancer,N.A,Preclinical assay,China,10.1016/j.bioorg.2018.08.028
PT-0040,WH-0007,LN-0040,LG-0005,CDK9,P50750 · CDK9_HUMAN,CRBN,CRBN binding pocket,Q96SW2 · CRBN_HUMAN,"Non-covalent (H-bonding, Hydrophobic)",K48-linked polyubiquitination,CDK9 degradation -> Apoptosis induction,17 ± 1.9 uM,17 ± 1.9,Western blotting,24h,-9.276,0.25,MCF-7, Breast cancer,MCF-7 | High Anti-Proliferative Activity | IC50 = 17 uM and L02 | Low Toxicity | IC50 > 100 uM,Preclinical assay,China,10.1016/j.bioorg.2018.08.028
PT-0041,WH-0007,LN-0041,LG-0005,CDK9,P50750 · CDK9_HUMAN,CRBN,CRBN binding pocket,Q96SW2 · CRBN_HUMAN,"Non-covalent (H-bonding, Hydrophobic)",K48-linked polyubiquitination,CDK9 degradation -> Apoptosis induction, 38 ± 5.8 uM,38 ± 5.8,Western blotting,24h,-8.217,0.203,MCF-7, Breast cancer,N.A,Preclinical assay,China,10.1016/j.bioorg.2018.08.028
