Linker_ID,Repetition_Unit,Part_A_Smiles,Repetition_Unit.1,Part_B_Smiles,Functional_Groups.1,SMILES,Linker_Number_of_Repetitions,Coupling_Bond_Type,Status,Molecular_Weight,LogP,TPSA,H_Bond_Donor,H_Bond_Acceptor,Rotatable_Bonds,Ring_Count,Heteroatom_Count
LN-0001,,NCCCN,,,,NCCCN,1,,Valid,74.127,-0.7061,52.04,2,2,2,0,2
LN-0002,CH2-CH2-O,[N-]=[N+]=NCCOCCN,,,,[N-]=[N+]=NCCOCCN,1,,Valid,130.151,0.272,84.01,1,3,5,0,5
LN-0003,CH2-CH2-O,[N-]=[N+]=NCCOCCOCCN,,,,[N-]=[N+]=NCCOCCOCCN,2,,Valid,174.204,0.2886,93.24,1,4,8,0,6
LN-0004,CH2-CH2-O,[N-]=[N+]=NCCOCCOCCOCCN,,,,[N-]=[N+]=NCCOCCOCCOCCN,3,,Valid,218.257,0.3052,102.47,1,5,11,0,7
LN-0005,CH2-CH2-O,[N-]=[N+]=NCCOCCOCCOCCOCCN,,,,[N-]=[N+]=NCCOCCOCCOCCOCCN,4,,Valid,262.31,0.3218,111.7,1,6,14,0,8
LN-0007,CH2,C#CCCCC(=O)O,,,,C#CCCCC(=O)O,1,,Valid,112.128,0.8745,37.3,1,1,3,0,2
LN-0008,CH2,C(CCCCC#C)(=O)O,,,,C(CCCCC#C)(=O)O,2,,Valid,126.155,1.2646,37.3,1,1,4,0,2
LN-0009,CH2,C(CCCCCC#C)(=O)O,,,,C(CCCCCC#C)(=O)O,3,,Valid,140.182,1.6547,37.3,1,1,5,0,2
LN-0010,CH2,C(CCCCCCC#C)(=O)O,,,,C(CCCCCCC#C)(=O)O,4,,Valid,154.209,2.0448,37.3,1,1,6,0,2
LN-0011,CH2,C(CCCCCCCC#C)(=O)O,,,,C(CCCCCCCC#C)(=O)O,5,,Valid,168.236,2.4349,37.3,1,1,7,0,2
LN-0012,,OCCCNC(=O)OC(C)(C)C,CH2,C#CCCCC(=O)O,COOH | CN,OCCCNCC(=O)CCC#C,1,,Valid,169.224,-0.0591,49.33,2,3,7,0,3
LN-0013,,OCCCNC(=O)OC(C)(C)C,CH2,C(CCCCC#C)(=O)O,COOH | CN,OCCCNCC(=O)CCCC#C,2,,Valid,183.251,0.331,49.33,2,3,8,0,3
LN-0014,,OCCCNC(=O)OC(C)(C)C,CH2,C(CCCCCC#C)(=O)O,COOH | CN,OCCCNCC(=O)CCCCCC#C,3,,Valid,211.305,1.1112,49.33,2,3,10,0,3
LN-0015,,OCCCNC(=O)OC(C)(C)C,CH2,C(CCCCCCC#C)(=O)O,COOH | CN,OCCCNCC(=O)CCCCCCC#C,4,,Valid,225.332,1.5013,49.33,2,3,11,0,3
LN-0016,,OCCCNC(=O)OC(C)(C)C,CH2,C(CCCCCCCC#C)(=O)O,COOH | CN,OCCCNCC(=O)CCCCCCCC#C,5,,Valid,239.359,1.8914,49.33,2,3,12,0,3
LN-0017,CH2-CH2,NCCN,,CC(C)(C)OC(=O)CCCN,COO- | NH2,C(=O)(OC(C)(C)C)CCCC(=O)NCCN,1,,Valid,230.308,0.5733,81.42,2,4,6,0,5
LN-0018,CH2-CH2,NCCCCN,,CC(C)(C)OC(=O)CCCN,COO- | NH2,C(=O)(OC(C)(C)C)CCCC(=O)NCCCCN,2,,Valid,258.362,1.3535,81.42,2,4,8,0,5
LN-0019,CH2-CH2,NCCCCCCN,,CC(C)(C)OC(=O)CCCN,COO- | NH2,C(=O)(OC(C)(C)C)CCCC(=O)NCCCCCCN,3,,Valid,286.416,2.1337,81.42,2,4,10,0,5
LN-0020,CH2-CH2,NCCCCCCCCN,,CC(C)(C)OC(=O)CCCN,COO- | NH2,C(=O)(OC(C)(C)C)CCCC(=O)NCCCCCCCCN,4,,Valid,314.47,2.9139,81.42,2,4,12,0,5
LN-0021,CH2-CH2,NCCCCCCCCCCN,,CC(C)(C)OC(=O)CCCN,COO- | NH2,C(=O)(OC(C)(C)C)CCCC(=O)NCCCCCCCCCCN,5,,Valid,342.524,3.6941,81.42,2,4,14,0,5
LN-0022,O-CH2-CH2,NCCOCCOCCN,,CC(C)(C)OC(=O)CCCN,COO- | NH2,C(=O)(OC(C)(C)C)CCCC(=O)NCCOCCOCCN,2,,Valid,318.414,0.6065,99.88,2,6,12,0,7
LN-0023,O-CH2-CH2,NCCOCCOCCOCCN,,CC(C)(C)OC(=O)CCCN,COO- | NH2,C(=O)(OC(C)(C)C)CCCC(=O)NCCOCCOCCOCCN,3,,Valid,362.467,0.6231,109.11,2,7,15,0,8
LN-0024,O-CH2-CH2,NCCOCCOCCOCCOCCN,,CC(C)(C)OC(=O)CCCN,COO- | NH2,C(=O)(OC(C)(C)C)CCCC(=O)NCCOCCOCCOCCOCCN,4,,Valid,406.52,0.6397,118.34,2,8,18,0,9
LN-0025,O-CH2-CH2,NCCOCCOCCOCCOCCOCCN,,CC(C)(C)OC(=O)CCCN,COO- | NH2,C(=O)(OC(C)(C)C)CCCC(=O)NCCOCCOCCOCCOCCOCCN,5,,Valid,450.573,0.6563,127.57,2,9,21,0,10
LN-0026,CH2-CH2,C(=O)(O)CCCCCCNC(=O)OC(C)(C)C,,,,C(=O)(O)CCCCCCNC(=O)OC(C)(C)C,2,,Valid,245.319,2.5462,75.63,2,3,7,0,5
LN-0027,CH2-CH2,C(=O)(O)CCCCCCCCNC(=O)OC(C)(C)C,,,,C(=O)(O)CCCCCCCCNC(=O)OC(C)(C)C,3,,Valid,273.373,3.3264,75.63,2,3,9,0,5
LN-0028,CH2-CH2,C(=O)(O)CCCCCCCCCCNC(=O)OC(C)(C)C,,,,C(=O)(O)CCCCCCCCCCNC(=O)OC(C)(C)C,4,,Valid,301.427,4.1066,75.63,2,3,11,0,5
LN-0029,O-CH2-CH2,C(=O)(O)COCCNC(=O)OC(C)(C)C,,,,C(=O)(O)COCCNC(=O)OC(C)(C)C,1,,Valid,219.237,0.6123,84.86,2,4,5,0,6
LN-0030,O-CH2-CH2,C(=O)(O)COCCOCCNC(=O)OC(C)(C)C,,,,C(=O)(O)COCCOCCNC(=O)OC(C)(C)C,2,,Valid,263.29,0.6289,94.09,2,5,8,0,7
LN-0031,O-CH2-CH2,C(=O)(O)COCCOCCOCCNC(=O)OC(C)(C)C,,,,C(=O)(O)COCCOCCOCCNC(=O)OC(C)(C)C,3,,Valid,307.343,0.6455,103.32,2,6,11,0,8
LN-0032,O-CH2-CH2,C(=O)(O)COCCOCCOCCOCCNC(=O)OC(C)(C)C,,,,C(=O)(O)COCCOCCOCCOCCNC(=O)OC(C)(C)C,4,,Valid,351.396,0.6621,112.55,2,7,14,0,9
LN-0034,CH2,BrCCCCCC(=O)O,,,,BrCCCCCC(=O)O,3,,Valid,195.056,2.0263,37.3,1,1,5,0,3
LN-0035,CH2,BrCCCCCCC(=O)O,,,,BrCCCCCCC(=O)O,4,,Valid,209.083,2.4164,37.3,1,1,6,0,3
LN-0036,CH2,BrCCCCCCCC(=O)O,,,,BrCCCCCCCC(=O)O,5,,Valid,223.11,2.8065,37.3,1,1,7,0,3
LN-0037,CH2,BrCCCCCCCCCC(=O)O,,,,BrCCCCCCCCCC(=O)O,7,,Valid,251.164,3.5867,37.3,1,1,9,0,3
LN-0038,,BrCC#C,CH2,OC(=O)CCCCCN=[N+]=[N-],N3-CH2|COOH,OC(=O)CCCCCN1N=NC(CBr)=C1,3,,Valid,276.134,1.818,68.01,1,3,7,1,6
LN-0039,,BrCC#C,CH2,OC(=O)CCCCCCN=[N+]=[N-],N3-CH2|COOH,OC(=O)CCCCCCN1N=NC(CBr)=C1,4,,Valid,290.161,2.2081,68.01,1,3,8,1,6
LN-0040,,BrCC#C,CH2,OC(=O)CCCCCCCN=[N+]=[N-],N3-CH2|COOH,OC(=O)CCCCCCCN1N=NC(CBr)=C1,5,,Valid,304.188,2.5982,68.01,1,3,9,1,6
LN-0041,,BrCC#C,CH2,OC(=O)CCCCCCCCCN=[N+]=[N-],N3-CH2|COOH,OC(=O)CCCCCCCCCN1N=NC(CBr)=C1,7,,Valid,332.242,3.3784,68.01,1,3,11,1,6
