Compound_ID,Common_Name,SMILES,InChIKey,Ring_Count,Heteroatom_Count,Status,Molecular_Weight,LogP,TPSA,Rotatable_Bonds,H_Bond_Acceptor,H_Bond_Donor
PT-0001,Nimbolide based PROTAC,CC1=C8[C@@H](C[C@H]1C2=C(OC=C2)C3=CC=C(C=C3)C(=O)N(CCCN(C(C[C@H]5C4=NN=C([N]4C7=C(C(=N5)C6=CC=C(C=C6)Cl)C(=C(C)S7)C)C)=O)[H])[H])O[C@H]9[C@@]8([C@@H]([C@@]%11([C@H]%10[C@H]9OC(=O)[C@@]%10(C=CC%11=O)C)C)CC(=O)OC)C,,11,17,Valid,1025.625,8.849460000000006,193.30999999999997,12.0,13.0,2.0
PT-0002,Matrine based PROTAC,C1(=O)NC(=O)C(N2C(=O)C3CCCC(NCCOCN4C=C(COC5C=CC(CC(NC(CNC6CC(=O)N7CC8CCCN9CCCC(C7C6)C89)=O)C(=O)OC)=CC=5)N=N4)C3C2=O)CC1,,9,20,Valid,915.0619999999994,0.033400000000010754,235.73000000000002,17.0,15.0,4.0
PT-0003,Matrine based PROTAC,C1(=O)NC(=O)C(N2C(=O)C3CCCC(NCCOCCOCN4C=C(COC5C=CC(CC(NC(CNC6CC(=O)N7CC8CCCN9CCCC(C7C6)C89)=O)C(=O)OC)=CC=5)N=N4)C3C2=O)CC1,,9,21,Valid,959.1149999999994,0.050000000000012035,244.95999999999998,20.0,16.0,4.0
PT-0004,Matrine based PROTAC,C1(=O)NC(=O)C(N2C(=O)C3CCCC(NCCOCCOCCOCN4C=C(COC5C=CC(CC(NC(CNC6CC(=O)N7CC8CCCN9CCCC(C7C6)C89)=O)C(=O)OC)=CC=5)N=N4)C3C2=O)CC1,,9,22,Valid,1003.1679999999993,0.06660000000000887,254.19,23.0,17.0,4.0
PT-0005,Matrine based PROTAC,C1(=O)NC(=O)C(N2C(=O)C3CCCC(NCCOCCOCCOCCOCN4C=C(COC5C=CC(CC(NC(CNC6CC(=O)N7CC8CCCN9CCCC(C7C6)C89)=O)C(=O)OC)=CC=5)N=N4)C3C2=O)CC1,,9,23,Valid,1047.2209999999995,0.08320000000000749,263.41999999999996,26.0,18.0,4.0
PT-0007,Evodiamine based PROTAC,C12=CC=C(F)C=C1C(=O)N1C(C3=C(CC1)C1=C(C=CC(=C1)OC(CCCC#CC1=CC=CC4=C1CN(C4=O)C1CCC(=O)NC1=O)=O)N3)N2C,,8,12,Valid,673.7010000000001,4.342300000000003,132.12,5.0,7.0,2.0
PT-0008,Evodiamine based PROTAC,C12=CC=C(F)C=C1C(=O)N1C(C3=C(CC1)C1=C(C=CC(=C1)OC(CCCCC#CC1=CC=CC4=C1CN(C4=O)C1CCC(=O)NC1=O)=O)N3)N2C,,8,12,Valid,687.7280000000002,4.732400000000004,132.12,6.0,7.0,2.0
PT-0009,Evodiamine based PROTAC,C12=CC=C(F)C=C1C(=O)N1C(C3=C(CC1)C1=C(C=CC(=C1)OC(CCCCCC#CC1=CC=CC4=C1CN(C4=O)C1CCC(=O)NC1=O)=O)N3)N2C,,8,12,Valid,701.7550000000002,5.122500000000004,132.12,7.0,7.0,2.0
PT-0010,Evodiamine based PROTAC,C12=CC=C(F)C=C1C(=O)N1C(C3=C(CC1)C1=C(C=CC(=C1)OC(CCCCCCC#CC1=CC=CC4=C1CN(C4=O)C1CCC(=O)NC1=O)=O)N3)N2C,,8,12,Valid,715.7820000000002,5.512600000000005,132.12,8.0,7.0,2.0
PT-0011,Evodiamine based PROTAC,C12=CC=C(F)C=C1C(=O)N1C(C3=C(CC1)C1=C(C=CC(=C1)OC(CCCCCCCC#CC1=CC=CC4=C1CN(C4=O)C1CCC(=O)NC1=O)=O)N3)N2C,,8,12,Valid,729.8090000000001,5.902700000000006,132.12,9.0,7.0,2.0
PT-0012,Evodiamine based PROTAC,C12C=C(F)C=CC=1N(C)C1C3NC4C=CC(OCCCNC(=O)CCCC#CC5=C6CN(C7C(=O)NC(=O)CC7)C(=O)C6=CC=C5)=CC=4C=3CCN1C2=O,,8,13,Valid,730.797,4.322000000000004,144.15,9.0,7.0,3.0
PT-0013,Evodiamine based PROTAC,C12C=C(F)C=CC=1N(C)C1C3NC4C=CC(OCCCNC(=O)CCCCC#CC5=C6CN(C7C(=O)NC(=O)CC7)C(=O)C6=CC=C5)=CC=4C=3CCN1C2=O,,8,13,Valid,744.8240000000001,4.712100000000004,144.15,10.0,7.0,3.0
PT-0014,Evodiamine based PROTAC,C12C=C(F)C=CC=1N(C)C1C3NC4C=CC(OCCCNC(=O)CCCCCC#CC5=C6CN(C7C(=O)NC(=O)CC7)C(=O)C6=CC=C5)=CC=4C=3CCN1C2=O,,8,13,Valid,758.8510000000001,5.102200000000004,144.15,11.0,7.0,3.0
PT-0015,Evodiamine based PROTAC,C12C=C(F)C=CC=1N(C)C1C3NC4C=CC(OCCCNC(=O)CCCCCCC#CC5=C6CN(C7C(=O)NC(=O)CC7)C(=O)C6=CC=C5)=CC=4C=3CCN1C2=O,,8,13,Valid,772.878,5.4923000000000055,144.15,12.0,7.0,3.0
PT-0016,Evodiamine based PROTAC,C12C=C(F)C=CC=1N(C)C1C3NC4C=CC(OCCCNC(=O)CCCCCCCC#CC5=C6CN(C7C(=O)NC(=O)CC7)C(=O)C6=CC=C5)=CC=4C=3CCN1C2=O,,8,13,Valid,786.9050000000001,5.882400000000006,144.15,13.0,7.0,3.0
PT-0017,Hederagenin based PROTAC,O([H])[C@H]1CC[C@@]7(C)[C@H]([C@]1(C)CO[H])CC[C@@]8(C)[C@]6(C)CC[C@@]5(C(=O)NCCNC(=O)CCCNC3=CC=CC4C(=O)N(C2C(=O)NC(=O)CC2)C(=O)C34)CCC(C)(C)C[C@H]5C6=CC[C@H]78,,8,13,Valid,858.1339999999997,4.583700000000008,194.23999999999998,11.0,9.0,6.0
PT-0018,Hederagenin based PROTAC,O([H])[C@H]1CC[C@@]7(C)[C@H]([C@]1(C)CO[H])CC[C@@]8(C)[C@]6(C)CC[C@@]5(C(=O)NCCCCNC(=O)CCCNC3=CC=CC4C(=O)N(C2C(=O)NC(=O)CC2)C(=O)C34)CCC(C)(C)C[C@H]5C6=CC[C@H]78,,8,13,Valid,886.1879999999998,5.363900000000008,194.23999999999998,13.0,9.0,6.0
PT-0019,Hederagenin based PROTAC,O([H])[C@H]1CC[C@@]7(C)[C@H]([C@]1(C)CO[H])CC[C@@]8(C)[C@]6(C)CC[C@@]5(C(=O)NCCCCCCNC(=O)CCCNC3=CC=CC4C(=O)N(C2C(=O)NC(=O)CC2)C(=O)C34)CCC(C)(C)C[C@H]5C6=CC[C@H]78,,8,13,Valid,914.2419999999998,6.144100000000008,194.23999999999998,15.0,9.0,6.0
PT-0020,Hederagenin based PROTAC,O([H])[C@H]1CC[C@@]7(C)[C@H]([C@]1(C)CO[H])CC[C@@]8(C)[C@]6(C)CC[C@@]5(C(=O)NCCCCCCCCNC(=O)CCCNC3=CC=CC4C(=O)N(C2C(=O)NC(=O)CC2)C(=O)C34)CCC(C)(C)C[C@H]5C6=CC[C@H]78,,8,13,Valid,942.2959999999998,6.924300000000008,194.23999999999998,17.0,9.0,6.0
PT-0021,Hederagenin based PROTAC,O([H])[C@H]1CC[C@@]7(C)[C@H]([C@]1(C)CO[H])CC[C@@]8(C)[C@]6(C)CC[C@@]5(C(=O)NCCCCCCCCCCNC(=O)CCCNC3=CC=CC4C(=O)N(C2C(=O)NC(=O)CC2)C(=O)C34)CCC(C)(C)C[C@H]5C6=CC[C@H]78,,8,13,Valid,970.3499999999997,7.704500000000008,194.23999999999998,19.0,9.0,6.0
PT-0022,Hederagenin based PROTAC,O([H])[C@H]1CC[C@@]7(C)[C@H]([C@]1(C)CO[H])CC[C@@]8(C)[C@]6(C)CC[C@@]5(C(=O)NCCOCCOCCNC(=O)CCCNC3=CC=CC4C(=O)N(C2C(=O)NC(=O)CC2)C(=O)C34)CCC(C)(C)C[C@H]5C6=CC[C@H]78,,8,15,Valid,946.2399999999998,4.61690000000001,212.7,17.0,11.0,6.0
PT-0023,Hederagenin based PROTAC,O([H])[C@H]1CC[C@@]7(C)[C@H]([C@]1(C)CO[H])CC[C@@]8(C)[C@]6(C)CC[C@@]5(C(=O)NCCOCCOCCOCCNC(=O)CCCNC3=CC=CC4C(=O)N(C2C(=O)NC(=O)CC2)C(=O)C34)CCC(C)(C)C[C@H]5C6=CC[C@H]78,,8,16,Valid,990.2929999999996,4.633500000000013,221.93,20.0,12.0,6.0
PT-0024,Hederagenin based PROTAC,O([H])[C@H]1CC[C@@]7(C)[C@H]([C@]1(C)CO[H])CC[C@@]8(C)[C@]6(C)CC[C@@]5(C(=O)NCCOCCOCCOCCOCCNC(=O)CCCNC3=CC=CC4C(=O)N(C2C(=O)NC(=O)CC2)C(=O)C34)CCC(C)(C)C[C@H]5C6=CC[C@H]78,,8,17,Valid,1034.3459999999995,4.650100000000014,231.16,23.0,13.0,6.0
PT-0025,Hederagenin based PROTAC,O([H])[C@H]1CC[C@@]7(C)[C@H]([C@]1(C)CO[H])CC[C@@]8(C)[C@]6(C)CC[C@@]5(C(=O)NCCOCCOCCOCCOCCOCCNC(=O)CCCNC3=CC=CC4C(=O)N(C2C(=O)NC(=O)CC2)C(=O)C34)CCC(C)(C)C[C@H]5C6=CC[C@H]78,,8,18,Valid,1078.3989999999997,4.666700000000016,240.39000000000001,26.0,14.0,6.0
PT-0026,Hederagenin based PROTAC,O([H])[C@]1CC[C@](C)2[C@]([H])([C@]1(C)CO[H])CC[C@](C)1[C@@](C)3CC[C@](C(=O)NCCCCCCC(=O)NC(C(C)(C)C)C(=O)N4[C@](C(NCC5=CC=C(C6=C(C)N=CS6)C=C5)=O)C[C@@](O)C4)4CCC(C)(C)C[C@@]4([H])C3=CC[C@@]12[H],,8,13,Valid,1009.4319999999996,10.679689999999997,181.18999999999997,15.0,9.0,6.0
PT-0027,Hederagenin based PROTAC,O([H])[C@]1CC[C@](C)2[C@]([H])([C@]1(C)CO[H])CC[C@](C)1[C@@](C)3CC[C@](C(=O)NCCCCCCCCC(=O)NC(C(C)(C)C)C(=O)N4[C@](C(NCC5=CC=C(C6=C(C)N=CS6)C=C5)=O)C[C@@](O)C4)4CCC(C)(C)C[C@@]4([H])C3=CC[C@@]12[H],,8,13,Valid,1037.4859999999996,11.45988999999999,181.18999999999997,17.0,9.0,6.0
PT-0028,Hederagenin based PROTAC,O([H])[C@]1CC[C@](C)2[C@]([H])([C@]1(C)CO[H])CC[C@](C)1[C@@](C)3CC[C@](C(=O)NCCCCCCCCCCC(=O)NC(C(C)(C)C)C(=O)N4[C@](C(NCC5=CC=C(C6=C(C)N=CS6)C=C5)=O)C[C@@](O)C4)4CCC(C)(C)C[C@@]4([H])C3=CC[C@@]12[H],,8,13,Valid,1065.5399999999997,12.24008999999999,181.18999999999997,19.0,9.0,6.0
PT-0029,Hederagenin based PROTAC,O([H])[C@]1CC[C@](C)2[C@]([H])([C@]1(C)CO[H])CC[C@](C)1[C@@](C)3CC[C@](C(=O)NCCOCC(=O)NC(C(C)(C)C)C(=O)N4[C@](C(NCC5=CC=C(C6=C(C)N=CS6)C=C5)=O)C[C@@](O)C4)4CCC(C)(C)C[C@@]4([H])C3=CC[C@@]12[H],,8,14,Valid,983.3499999999995,8.745790000000005,190.42,13.0,10.0,6.0
PT-0030,Hederagenin based PROTAC,O([H])[C@]1CC[C@](C)2[C@]([H])([C@]1(C)CO[H])CC[C@](C)1[C@@](C)3CC[C@](C(=O)NCCOCCOCC(=O)NC(C(C)(C)C)C(=O)N4[C@](C(NCC5=CC=C(C6=C(C)N=CS6)C=C5)=O)C[C@@](O)C4)4CCC(C)(C)C[C@@]4([H])C3=CC[C@@]12[H],,8,15,Valid,1027.4029999999996,8.762390000000005,199.65,16.0,11.0,6.0
PT-0031,Hederagenin based PROTAC,O([H])[C@]1CC[C@](C)2[C@]([H])([C@]1(C)CO[H])CC[C@](C)1[C@@](C)3CC[C@](C(=O)NCCOCCOCCOCC(=O)NC(C(C)(C)C)C(=O)N4[C@](C(NCC5=CC=C(C6=C(C)N=CS6)C=C5)=O)C[C@@](O)C4)4CCC(C)(C)C[C@@]4([H])C3=CC[C@@]12[H],,8,16,Valid,1071.4559999999997,8.778990000000006,208.88000000000002,19.0,12.0,6.0
PT-0032,Hederagenin based PROTAC,O([H])[C@]1CC[C@](C)2[C@]([H])([C@]1(C)CO[H])CC[C@](C)1[C@@](C)3CC[C@](C(=O)NCCOCCOCCOCCOCC(=O)NC(C(C)(C)C)C(=O)N4[C@](C(NCC5=CC=C(C6=C(C)N=CS6)C=C5)=O)C[C@@](O)C4)4CCC(C)(C)C[C@@]4([H])C3=CC[C@@]12[H],,8,17,Valid,1115.5089999999998,8.795590000000006,218.10999999999999,22.0,13.0,6.0
PT-0034,Wogonin based PROTAC,C1(C2=C(OC(C3C=CC=CC=3)=CC2=O)C(OCCCCCC(=O)NC2C3C(N(C(=O)C=3C=CC=2)C2C(=O)NC(=O)CC2)=O)=C(O)C=1)O,,6,13,Valid,639.6170000000002,3.850300000000003,192.54999999999995,10.0,10.0,4.0
PT-0035,Wogonin based PROTAC,C1(C2=C(OC(C3C=CC=CC=3)=CC2=O)C(OCCCCCCC(=O)NC2C3C(N(C(=O)C=3C=CC=2)C2C(=O)NC(=O)CC2)=O)=C(O)C=1)O,,6,13,Valid,653.6440000000002,4.240400000000005,192.54999999999995,11.0,10.0,4.0
PT-0036,Wogonin based PROTAC,C1(C2=C(OC(C3C=CC=CC=3)=CC2=O)C(OCCCCCCCC(=O)NC2C3C(N(C(=O)C=3C=CC=2)C2C(=O)NC(=O)CC2)=O)=C(O)C=1)O,,6,13,Valid,667.6710000000003,4.630500000000006,192.54999999999995,12.0,10.0,4.0
PT-0037,Wogonin based PROTAC,C1(C2=C(OC(C3C=CC=CC=3)=CC2=O)C(OCCCCCCCCCC(=O)NC2C3C(N(C(=O)C=3C=CC=2)C2C(=O)NC(=O)CC2)=O)=C(O)C=1)O,,6,13,Valid,695.7250000000004,5.410700000000007,192.54999999999995,14.0,10.0,4.0
PT-0038,Wogonin based PROTAC,C1(=C2C(OC(=CC2=O)C2C=CC=CC=2)=C(OCC2=CN(CCCCCC(=O)NC3=CC=CC4=C3C(N(C4=O)C3C(=O)NC(=O)CC3)=O)N=N2)C(O)=C1)O,,7,16,Valid,720.6950000000003,3.6420000000000026,223.25999999999993,12.0,12.0,4.0
PT-0039,Wogonin based PROTAC,C1(=C2C(OC(=CC2=O)C2C=CC=CC=2)=C(OCC2=CN(CCCCCCC(=O)NC3=CC=CC4=C3C(N(C4=O)C3C(=O)NC(=O)CC3)=O)N=N2)C(O)=C1)O,,7,16,Valid,734.7220000000003,4.032100000000004,223.25999999999993,13.0,12.0,4.0
PT-0040,Wogonin based PROTAC,C1(=C2C(OC(=CC2=O)C2C=CC=CC=2)=C(OCC2=CN(CCCCCCCC(=O)NC3=CC=CC4=C3C(N(C4=O)C3C(=O)NC(=O)CC3)=O)N=N2)C(O)=C1)O,,7,16,Valid,748.7490000000004,4.422200000000005,223.25999999999993,14.0,12.0,4.0
PT-0041,Wogonin based PROTAC,C1(=C2C(OC(=CC2=O)C2C=CC=CC=2)=C(OCC2=CN(CCCCCCCCCC(=O)NC3=CC=CC4=C3C(N(C4=O)C3C(=O)NC(=O)CC3)=O)N=N2)C(O)=C1)O,,7,16,Valid,776.8030000000003,5.202400000000006,223.25999999999993,16.0,12.0,4.0
